Workbook

Sheet Raw_Data
A1: Date | B1: Description | C1: Category | D1: Amount
A2: 45659 | B2: January Rent | C2: Housing | D2: 1200
A3: 45660 | B3: Grocery Store | C3: Food | D3: 86.45
A4: 45661 | B4: Gas Station | C4: Transportation | D4: 52.3
A5: 45663 | B5: Electric Bill | C5: Utilities | D5: 132.18
A6: 45664 | B6: Coffee Shop | C6: Food | D6: 9.75
A7: 45665 | B7: Internet Bill | C7: Utilities | D7: 79.99
A8: 45666 | B8: Gym Membership | C8: Health | D8: 45
A9: 45667 | B9: Grocery Store | C9: Food | D9: 102.63
A10: 45669 | B10: Ride Share | C10: Transportation | D10: 18.5
A11: 45670 | B11: Streaming Subscription | C11: Entertainment | D11: 15.99
A12: 45672 | B12: Dining Out | C12: Food | D12: 58.4
A13: 45674 | B13: Pharmacy | C13: Health | D13: 27.85
... A21: 45687 | B21: Misc Household Supplies | C21: Other | D21: 39.9

Sheet Calculations
A1: Category | B1: Total Spend | C1: % of Total
A2: Housing | B2: =SUMIF(Raw_Data!C:C, A2, Raw_Data!D:D) -> 1200 | C2: =B2/$B$10 -> 0.53464261
A3: Food | B3: =SUMIF(Raw_Data!C:C, A3, Raw_Data!D:D) -> 422.58 | C3: =B3/$B$10 -> 0.1882744
A4: Transportation | B4: =SUMIF(Raw_Data!C:C, A4, Raw_Data!D:D) -> 139.4 | C4: =B4/$B$10 -> 0.06210765
A5: Utilities | B5: =SUMIF(Raw_Data!C:C, A5, Raw_Data!D:D) -> 321.77 | C5: =B5/$B$10 -> 0.14335996
A6: Health | B6: =SUMIF(Raw_Data!C:C, A6, Raw_Data!D:D) -> 72.85 | C6: =B6/$B$10 -> 0.032457262
A7: Entertainment | B7: =SUMIF(Raw_Data!C:C, A7, Raw_Data!D:D) -> 47.99 | C7: =B7/$B$10 -> 0.021381249
A8: Other | B8: =SUMIF(Raw_Data!C:C, A8, Raw_Data!D:D) -> 39.9 | C8: =B8/$B$10 -> 0.017776867
A10: Total Spending | B10: =SUM(B2:B8) -> 2244.49

Sheet Summary
A1: January Expense Summary
A3: Total Spending | B3: =Calculations!B10 -> 2244.49
A5: Top Spending Categories
A7: Category | B7: Total Spend | C7: % of Total
A8: =Calculations!A2 -> Housing | B8: =Calculations!B2 -> 1200 | C8: =Calculations!C2 -> 0.53464261
A9: =Calculations!A3 -> Food | B9: =Calculations!B3 -> 422.58 | C9: =Calculations!C3 -> 0.1882744
A10: =Calculations!A4 -> Transportation | B10: =Calculations!B4 -> 139.4 | C10: =Calculations!C4 -> 0.06210765
A11: =Calculations!A5 -> Utilities | B11: =Calculations!B5 -> 321.77 | C11: =Calculations!C5 -> 0.14335996
A12: =Calculations!A6 -> Health | B12: =Calculations!B6 -> 72.85 | C12: =Calculations!C6 -> 0.032457262
A13: =Calculations!A7 -> Entertainment | B13: =Calculations!B7 -> 47.99 | C13: =Calculations!C7 -> 0.021381249
A14: =Calculations!A8 -> Other | B14: =Calculations!B8 -> 39.9 | C14: =Calculations!C8 -> 0.017776867
A16: Conclusion
A17: • Housing accounts for over half of total monthly spending.
A18: • Food & Utilities make up about one-third of total expenses.
A19: • Entertainment and Other expenses remain under 5%.
